PassengerId,Survived,Pclass,Sex,Age,SibSp,Parch,Fare,Embarked
1,0,3,1,-0.5846890388,1,0,-0.5021631365,2
2,1,1,2,0.3223925515,1,0,0.7864036178,1
3,1,3,2,-0.3579186412,0,0,-0.4885798516,2
4,1,1,2,0.1523147533,1,0,0.4204940698,2
5,0,3,1,0.1523147533,0,0,-0.4860644284,2
6,0,3,1,1.739707536,0,0,-0.4778480503,3
7,0,1,1,1.229474142,0,0,0.3955913807,2
8,0,3,1,-1.718541027,3,1,-0.2239573377,2
9,1,3,2,-0.3012260418,0,2,-0.4240179952,2
10,1,2,2,-1.038229834,1,0,-0.0429313901,1
11,1,3,2,-1.605155828,1,1,-0.3119971474,2
12,1,1,2,1.456244539,0,0,-0.1137818043,2
13,0,3,1,-0.6980742376,0,0,-0.4860644284,2
14,0,3,1,0.3790851509,1,5,-0.01869880978,2
15,0,3,2,-1.038229834,0,0,-0.4900045872,2
16,1,2,2,1.286166741,0,0,-0.326083517,2
17,0,3,1,-1.718541027,4,1,-0.06196408772,3
18,1,2,1,-0.6980742376,0,0,-0.3864536723,2
19,0,3,2,-0.07445564426,1,0,-0.2858367468,2
20,1,3,2,2.136555732,0,0,-0.5026662211,1
21,0,2,1,0.1523147533,0,0,-0.1248496661,2
22,1,2,1,0.09562215393,0,0,-0.3864536723,2
23,1,3,2,-0.9815372346,0,0,-0.4864829949,3
24,1,1,1,-0.2445334425,0,0,0.06632249222,2
25,0,3,2,-1.37838543,3,1,-0.2239573377,2
26,1,3,2,0.3223925515,1,5,-0.01643492896,2
27,0,3,1,1.739707536,0,0,-0.5026662211,1
28,0,1,1,-0.754766837,3,2,4.6443926,2
29,1,3,2,-1.605155828,0,0,-0.4895015026,3
30,0,3,1,1.342859341,0,0,-0.4891674544,2
31,0,1,1,0.4357777503,0,0,-0.09022134506,1
32,1,1,2,1.172781542,1,0,2.300436803,1
33,1,3,2,2.193248332,0,0,-0.492101444,3
34,0,2,1,1.909785335,0,0,-0.436762135,2
35,0,1,1,-0.2445334425,1,0,1.005496973,1
36,0,1,1,0.5491629491,1,0,0.3983583462,2
37,1,3,1,1.342859341,0,0,-0.5025817029,1
38,0,3,1,-0.6413816382,0,0,-0.4860644284,2
39,0,3,2,-0.8114594364,2,0,-0.2858367468,2
40,1,3,2,-1.038229834,1,0,-0.4218366203,1
41,0,3,2,0.4357777503,1,0,-0.4573886047,2
42,0,2,2,-0.3012260418,1,0,-0.2254665916,2
43,0,3,1,-1.208307632,0,0,-0.4891674544,1
44,1,2,2,-1.661848427,1,2,0.1886565748,1
45,1,3,2,-0.754766837,0,0,-0.4895015026,3
46,0,3,1,2.703481726,0,0,-0.4860644284,2
47,0,3,1,-1.43507803,1,0,-0.3361452095,3
48,1,3,2,1.966477934,0,0,-0.492101444,3
49,0,3,1,-0.8681520358,2,0,-0.2117987884,1
50,0,3,2,-0.8114594364,1,0,-0.2898614238,2
51,0,3,1,-1.43507803,4,1,0.1505891673,2
52,0,3,1,-0.6413816382,0,0,-0.4910952747,2
53,1,1,2,0.9460111449,1,0,0.8959935607,1
54,1,2,2,-0.1878408431,1,0,-0.1248496661,2
55,0,1,1,1.853092735,0,1,0.5991736306,1
56,1,1,1,0.4924703497,0,0,0.06632249222,2
57,1,2,2,-0.6413816382,0,0,-0.436762135,2
58,0,3,1,-0.2161871428,0,0,-0.5025817029,1
59,1,2,2,-1.548463229,1,2,-0.08963374221,2
60,0,3,1,-1.208307632,5,2,0.2957290822,2
61,0,3,1,-0.5846890388,0,0,-0.5025817029,1
62,1,1,2,0.3223925515,0,0,0.9618131286,2
63,0,1,1,0.7192407473,1,0,1.031741892,2
64,0,3,1,-1.605155828,3,2,-0.08661523445,2
65,0,1,1,2.590096527,0,0,-0.09022134506,1
66,1,3,1,1.456244539,1,1,-0.341260574,1
67,1,2,2,-0.1878408431,0,0,-0.436762135,2
68,0,3,1,-0.754766837,0,0,-0.4838850658,2
69,1,3,2,-0.8681520358,4,2,-0.4885798516,2
70,0,3,1,-0.3579186412,2,0,-0.4737388551,2
71,0,2,1,-0.01776304486,0,0,-0.436762135,2
72,0,3,2,-0.9248446352,5,2,0.2957290822,2
73,0,2,1,-0.6413816382,0,0,0.8310111256,2
74,0,3,1,-0.3579186412,1,0,-0.3571902457,1
75,1,3,1,-0.01776304486,0,0,0.4888290608,2
76,0,3,1,-0.4146112406,0,0,-0.4941137825,2
77,0,3,1,-0.5846890388,0,0,-0.4891674544,2
78,0,3,1,0.9460111449,0,0,-0.4860644284,2
79,1,2,1,-1.784871368,0,2,-0.06447951085,2
80,1,3,2,-0.1311482437,0,0,-0.3970184494,2
81,0,3,1,-0.5846890388,0,0,-0.4669472126,2
82,1,3,1,-0.1878408431,0,0,-0.4568855201,2
83,1,3,2,1.456244539,0,0,-0.491346817,3
84,0,1,1,-0.2445334425,0,0,0.2997537592,2
85,1,2,2,-0.8681520358,0,0,-0.436762135,2
86,1,3,2,0.03892955453,3,0,-0.3291020248,2
87,0,3,1,-0.9248446352,1,3,0.04368368399,2
88,0,3,1,-0.6980742376,0,0,-0.4860644284,2
89,1,1,2,-0.5279964394,3,2,4.6443926,2
90,0,3,1,-0.47130384,0,0,-0.4860644284,2
91,0,3,1,-0.1878408431,0,0,-0.4860644284,2
92,0,3,1,-0.6980742376,0,0,-0.4900045872,2
93,0,1,1,0.7759333467,1,0,0.5829904044,2
94,0,3,1,-0.3579186412,1,2,-0.2340190302,2
95,0,3,1,1.512937139,0,0,-0.5021631365,2
96,0,3,1,2.533403928,0,0,-0.4860644284,2
97,0,1,1,2.193248332,0,0,0.04930213311,1
98,1,1,1,-0.5279964394,0,1,0.626925791,1
99,1,2,2,0.09562215393,0,1,-0.1852198214,2
100,0,2,1,0.09562215393,1,0,-0.1248496661,2
101,0,3,2,-0.2445334425,0,0,-0.4891674544,2
102,0,3,1,1.172781542,0,0,-0.4891674544,2
103,0,1,1,-0.6413816382,0,1,0.9072284466,2
104,0,3,1,0.03892955453,0,0,-0.4739058792,2
105,0,3,1,0.2656999521,2,0,-0.4885798516,2
106,0,3,1,-0.2445334425,0,0,-0.4891674544,2
107,1,3,2,-0.6413816382,0,0,-0.4941137825,2
108,1,3,1,1.966477934,0,0,-0.4915983593,2
109,0,3,1,0.3223925515,0,0,-0.4891674544,2
110,1,3,2,0.3223925515,1,0,-0.1620779285,3
111,0,1,1,0.8326259461,0,0,0.3983583462,2
112,0,3,2,-1.009883534,1,0,-0.3571902457,1
113,0,3,1,-0.5846890388,0,0,-0.4860644284,2
114,0,3,2,-0.6980742376,1,0,-0.4503454199,2
115,0,3,2,-0.8681520358,0,0,-0.3571077398,1
116,0,3,1,-0.6413816382,0,0,-0.4885798516,2
117,0,3,1,2.164902032,0,0,-0.492101444,3
118,0,2,1,-0.1878408431,1,0,-0.2254665916,2
119,0,1,1,-0.47130384,0,1,4.332898697,1
120,0,3,2,-1.718541027,4,2,-0.01869880978,2
121,0,2,1,-0.6413816382,2,0,0.8310111256,2
122,0,3,1,-0.8114594364,0,0,-0.4860644284,2
123,0,2,1,0.01058325483,1,0,-0.0429313901,1
124,1,2,2,0.01058325483,0,0,-0.3864536723,2
125,0,1,1,1.229474142,0,1,0.9072284466,2
126,1,3,1,-1.151615033,1,0,-0.4218366203,1
127,0,3,1,2.476711329,0,0,-0.492101444,3
128,1,3,1,-0.47130384,0,0,-0.5043424991,2
129,1,3,2,2.023170533,1,1,-0.1981329976,1
130,0,3,1,0.7192407473,0,0,-0.5076970674,2
131,0,3,1,0.03892955453,0,0,-0.4891674544,1
132,0,3,1,-0.6980742376,0,0,-0.5061878135,2
133,0,3,2,0.8326259461,1,0,-0.3562685946,2
134,1,2,2,-0.1878408431,1,0,-0.1248496661,2
135,0,2,1,-0.4146112406,0,0,-0.3864536723,2
136,0,2,1,-0.5279964394,0,0,-0.345285251,1
137,1,1,2,-0.754766837,0,2,-0.1191487111,2
138,0,1,1,0.2656999521,1,0,0.4204940698,2
139,0,3,1,-0.9248446352,0,0,-0.4625864751,2
140,0,1,1,-0.47130384,0,0,0.9457144206,1
141,0,3,2,1.002703744,0,2,-0.341260574,1
142,1,3,2,-0.5846890388,0,0,-0.492101444,2
143,1,3,2,-0.47130384,1,0,-0.3291020248,2
144,0,3,1,-0.754766837,0,0,-0.5122248291,3
145,0,2,1,-0.8114594364,0,0,-0.4166387499,2
146,0,2,1,-0.754766837,1,1,0.09147672358,2
147,1,3,1,-0.3012260418,0,0,-0.4911797929,2
148,0,3,2,-1.321692831,2,2,0.04368368399,2
149,0,2,1,0.2373536524,0,2,-0.1248496661,2
150,0,2,1,0.5491629491,0,0,-0.3864536723,2
151,0,2,1,1.059396344,0,0,-0.3960122802,2
152,1,1,2,-0.5846890388,1,0,0.6921597685,2
153,0,3,1,1.314513041,0,0,-0.4860644284,2
154,0,3,1,0.46412405,0,2,-0.3562685946,2
155,0,3,1,1.342859341,0,0,-0.5009054249,2
156,0,1,1,1.059396344,0,1,0.5870995996,1
157,1,3,2,-0.9248446352,0,0,-0.4924375045,3
158,0,3,1,-0.1311482437,0,0,-0.4860644284,2
159,0,3,1,-1.43507803,0,0,-0.4737388551,2
160,0,3,1,1.966477934,8,2,0.7515237545,2
161,0,3,1,0.6625481479,0,1,-0.3240711785,2
162,1,2,2,0.4357777503,0,0,-0.3311143633,2
163,0,3,1,-0.3579186412,0,0,-0.4915983593,2
164,0,3,1,-0.8681520358,0,0,-0.4737388551,2
165,0,3,1,-1.775233626,4,1,0.1505891673,2
166,1,3,1,-1.321692831,0,2,-0.2350251995,2
167,1,1,2,0.6058555485,0,1,0.4587285014,2
168,0,3,2,0.7192407473,1,4,-0.08661523445,2
169,0,1,1,1.172781542,0,0,-0.12635892,2
170,0,3,1,-0.2445334425,0,0,0.4888290608,2
171,0,1,1,1.626322338,0,0,0.02607572204,2
172,0,3,1,-1.605155828,4,1,-0.06196408772,3
173,1,3,2,-1.775233626,1,1,-0.4240179952,2
174,0,3,1,-0.6413816382,0,0,-0.4885798516,2
175,0,1,1,1.342859341,0,0,-0.03035427442,1
176,0,3,1,-0.8114594364,1,1,-0.4900045872,2
177,0,3,1,2.420018729,3,1,-0.1355814674,2
178,0,1,2,1.002703744,0,0,-0.07026498407,1
179,0,2,1,-0.1311482437,0,0,-0.3864536723,2
180,0,3,1,0.2090073527,0,0,-0.6480576784,2
181,0,3,2,0.5491629491,8,2,0.7515237545,2
182,0,2,1,-1.775233626,0,0,-0.3452007328,1
183,0,3,1,-1.321692831,4,2,-0.01643492896,2
184,1,2,1,-1.775233626,2,1,0.13675434,2
185,1,3,2,-1.605155828,0,2,-0.2048401218,2
186,0,1,1,1.39955194,0,0,0.358111576,2
187,1,3,2,1.909785335,1,0,-0.3361452095,3
188,1,1,1,0.7192407473,0,0,-0.1137818043,2
189,0,3,1,0.4357777503,1,1,-0.3361452095,3
190,0,3,1,0.2090073527,0,0,-0.4891674544,2
191,1,2,2,-0.01776304486,0,0,-0.3864536723,2
192,0,2,1,-0.754766837,0,0,-0.3864536723,2
193,1,3,2,-0.754766837,1,0,-0.4900045872,2
194,1,2,1,-1.661848427,1,1,-0.1248496661,2
195,1,1,2,0.6625481479,0,0,-0.09022134506,1
196,1,1,2,1.456244539,0,0,2.300436803,1
197,0,3,1,2.136555732,0,0,-0.492101444,3
198,0,3,1,0.5491629491,0,1,-0.4789367254,2
199,1,3,2,1.172781542,0,0,-0.492101444,3
200,0,2,2,-0.47130384,0,0,-0.3864536723,2
201,0,3,1,-0.2445334425,0,0,-0.4568855201,2
202,0,3,1,1.456244539,8,2,0.7515237545,2
203,0,3,1,0.09562215393,0,0,-0.5173401935,2
204,0,3,1,0.747587047,0,0,-0.5026662211,1
205,1,3,1,-0.8114594364,0,0,-0.4860644284,2
206,0,3,2,-1.718541027,0,1,-0.4375167619,2
207,0,3,1,-0.01776304486,1,0,-0.3291020248,2
208,1,3,1,-0.3579186412,0,0,-0.2699895811,1
209,1,3,2,-0.9248446352,0,0,-0.492101444,3
210,1,1,1,0.4357777503,0,0,-0.02423274068,1
211,0,3,1,-0.47130384,0,0,-0.5061878135,2
212,1,2,2,0.1523147533,0,0,-0.2254665916,2
213,0,3,1,-0.5846890388,0,0,-0.5021631365,2
214,0,2,1,-0.1311482437,0,0,-0.3864536723,2
215,0,3,1,1.796400136,1,0,-0.492101444,3
216,1,1,2,-0.07445564426,1,0,1.631418767,1
217,1,3,2,-0.3012260418,0,0,-0.4885798516,2
218,0,2,1,0.5491629491,1,0,-0.104726281,2
219,1,1,2,-0.01776304486,0,0,0.8871895797,1
220,0,2,1,-0.1311482437,0,0,-0.436762135,2
221,1,3,1,-0.9248446352,0,0,-0.4860644284,2
222,0,2,1,-0.3012260418,0,0,-0.3864536723,2
223,0,3,1,1.059396344,0,0,-0.4860644284,2
224,0,3,1,1.739707536,0,0,-0.4891674544,2
225,1,1,1,0.3223925515,1,0,1.16304698,2
226,0,3,1,-0.5846890388,0,0,-0.4599040278,2
227,1,2,1,-0.754766837,0,0,-0.436762135,2
228,0,3,1,-0.6697279379,0,0,-0.5021631365,2
229,0,2,1,-0.8114594364,0,0,-0.3864536723,2
230,0,3,2,1.286166741,3,1,-0.1355814674,2
231,1,1,2,0.1523147533,1,0,1.031741892,2
232,0,3,1,-0.1878408431,0,0,-0.4915983593,2
233,0,2,1,1.512937139,0,0,-0.3763919797,2
234,1,3,2,-1.548463229,4,2,-0.01643492896,2
235,0,2,1,-0.47130384,0,0,-0.436762135,2
236,0,3,2,0.03892955453,0,0,-0.496126121,2
237,0,2,1,0.6625481479,1,0,-0.1248496661,2
238,1,2,2,-1.37838543,0,2,-0.1198188198,2
239,0,2,1,-0.754766837,0,0,-0.436762135,2
240,0,2,1,0.03892955453,0,0,-0.4010431264,2
241,0,3,2,2.646789127,1,0,-0.3571902457,1
242,1,3,2,-0.754766837,1,0,-0.3361452095,3
243,0,2,1,-0.1878408431,0,0,-0.436762135,2
244,0,3,1,-0.5846890388,0,0,-0.5046785597,2
245,0,3,1,-0.1311482437,0,0,-0.5026662211,1
246,0,1,1,0.6625481479,2,0,1.16304698,3
247,0,3,2,-0.4146112406,0,0,-0.4915983593,2
248,1,2,2,-0.47130384,0,2,-0.3562685946,2
249,1,1,1,0.2656999521,1,1,0.4095107262,2
250,0,2,1,1.229474142,1,0,-0.1248496661,2
251,0,3,1,2.533403928,0,0,-0.5021631365,2
252,0,3,2,-0.1878408431,1,1,-0.4375167619,2
253,0,1,1,1.683014937,0,0,-0.1137818043,2
254,0,3,1,-0.1311482437,1,0,-0.3240711785,2
255,0,3,2,0.4924703497,0,2,-0.2413137573,2
256,1,3,2,-0.1878408431,0,2,-0.341260574,1
257,1,1,2,0.7759333467,0,0,0.9457144206,1
258,1,1,2,-0.1311482437,0,0,1.092615132,2
259,1,1,2,0.1523147533,0,0,9.661740105,1
260,1,2,2,1.002703744,0,1,-0.1248496661,2
261,0,3,1,2.420018729,0,0,-0.492101444,3
262,1,3,1,-1.661848427,4,2,-0.01643492896,2
263,0,1,1,1.116088943,1,1,0.9547699438,2
264,0,1,1,0.4357777503,0,0,-0.6480576784,2
265,0,3,2,0.09562215393,0,0,-0.492101444,3
266,0,2,1,0.2090073527,0,0,-0.436762135,2
267,0,3,1,-0.9248446352,4,1,0.1505891673,2
268,1,3,1,-0.4146112406,1,0,-0.4915983593,2
269,1,1,2,1.456244539,0,1,2.440127306,2
270,1,1,2,0.1523147533,0,0,2.081343448,2
271,0,1,1,-0.754766837,0,0,-0.02423274068,2
272,1,3,1,-0.4146112406,0,0,-0.6480576784,2
273,1,2,2,0.4924703497,0,1,-0.2556516692,2
274,0,1,1,0.2656999521,0,1,-0.05039314129,1
275,1,3,2,1.966477934,0,0,-0.492101444,3
276,1,1,2,1.739707536,1,0,0.9207272133,2
277,0,3,2,0.7192407473,0,0,-0.492101444,2
278,0,2,1,-0.754766837,0,0,-0.6480576784,2
279,0,3,1,-1.43507803,4,1,-0.06196408772,3
280,1,3,2,0.1523147533,1,1,-0.2405591304,2
281,0,3,1,1.853092735,0,0,-0.492101444,3
282,0,3,1,-0.2445334425,0,0,-0.4900045872,2
283,0,3,1,-0.9248446352,0,0,-0.4568855201,2
284,1,3,1,-0.754766837,0,0,-0.4860644284,2
285,0,1,1,0.3790851509,0,0,-0.1248496661,2
286,0,3,1,0.03892955453,0,0,-0.4737388551,1
287,1,3,1,-0.1311482437,0,0,-0.4568855201,2
288,0,3,1,-0.5846890388,0,0,-0.4891674544,2
289,1,2,1,0.5491629491,0,0,-0.3864536723,2
290,1,3,2,-0.5846890388,0,0,-0.492101444,3
291,1,1,2,-0.3579186412,0,0,0.9386712358,2
292,1,1,2,-0.754766837,1,0,1.184764137,1
293,0,2,1,0.2090073527,0,0,-0.3889690954,1
294,0,3,2,-0.47130384,0,0,-0.4699657204,2
295,0,3,1,-0.47130384,0,0,-0.4891674544,2
296,0,1,1,0.1523147533,0,0,-0.09022134506,1
297,0,3,1,-0.4996501397,0,0,-0.5025817029,1
298,0,1,2,-1.718541027,1,2,2.401641332,2
299,1,1,1,-0.4146112406,0,0,-0.03429443322,2
300,1,1,2,1.002703744,0,1,4.332898697,1
301,1,3,2,-0.9815372346,0,0,-0.492101444,3
302,1,3,1,2.193248332,2,0,-0.1801889751,3
303,0,3,1,-0.754766837,0,0,-0.6480576784,2
304,1,2,2,-0.8114594364,0,0,-0.3995338726,3
305,0,3,1,1.512937139,0,0,-0.4860644284,2
306,1,1,1,-1.779769034,1,2,2.401641332,2
307,1,1,2,2.079863133,0,0,1.583289667,1
308,1,1,2,-0.8681520358,1,0,1.543378958,1
309,0,2,1,-0.1311482437,1,0,-0.1650964363,1
310,1,1,2,-0.1311482437,0,0,0.4975505359,1
311,1,1,2,-0.47130384,0,0,1.025368816,1
312,1,1,2,-0.8114594364,2,2,4.631815484,1
313,0,2,2,-0.3579186412,1,1,-0.1248496661,2
314,0,3,1,-0.2445334425,0,0,-0.4891674544,2
315,0,2,1,0.6058555485,1,1,-0.1198188198,2
316,1,3,2,-0.3579186412,0,0,-0.4900045872,2
317,1,2,2,-0.47130384,1,0,-0.1248496661,2
318,0,2,1,1.229474142,0,0,-0.3663302872,2
319,1,1,2,-0.07445564426,0,2,2.669618414,2
320,1,1,2,0.4357777503,1,1,2.058537616,1
321,0,3,1,-0.5846890388,0,0,-0.5021631365,2
322,0,3,1,-0.3012260418,0,0,-0.4891674544,2
323,1,2,2,-0.1311482437,0,0,-0.3995338726,3
324,1,2,2,-0.5846890388,1,1,-0.06447951085,2
325,0,3,1,-1.718541027,8,2,0.7515237545,2
326,1,1,2,0.2090073527,0,0,2.081343448,1
327,0,3,1,1.626322338,0,0,-0.5225380639,2
328,1,2,2,0.2090073527,0,0,-0.3864536723,2
329,1,3,2,-0.07445564426,1,1,-0.2350251995,2
330,1,1,2,-0.9248446352,0,1,0.5186800903,1
331,1,3,2,-1.605155828,2,0,-0.1801889751,3
332,0,1,1,0.747587047,0,0,-0.0745412034,2
333,0,1,1,0.3223925515,0,1,2.440127306,2
334,0,3,1,-0.9248446352,2,0,-0.2858367468,2
335,1,1,2,-1.661848427,1,0,2.041432739,2
336,0,3,1,-1.661848427,0,0,-0.4891674544,2
337,0,1,1,-0.1878408431,1,0,0.6921597685,2
338,1,1,2,0.4924703497,0,0,2.058537616,1
339,1,3,1,0.7192407473,0,0,-0.4860644284,2
340,0,1,1,0.7192407473,0,0,0.06632249222,2
341,1,2,1,-1.718541027,1,1,-0.1248496661,2
342,1,1,2,-0.47130384,3,2,4.6443926,2
343,0,2,1,-0.2445334425,0,0,-0.3864536723,2
344,0,2,1,-0.4146112406,0,0,-0.3864536723,2
345,0,2,1,0.2090073527,0,0,-0.3864536723,2
346,1,2,2,-0.47130384,0,0,-0.3864536723,2
347,1,2,2,0.4357777503,0,0,-0.3864536723,2
348,1,3,2,2.590096527,1,0,-0.3240711785,2
349,1,3,1,-1.661848427,1,1,-0.3280958555,2
350,0,3,1,0.5491629491,0,0,-0.4737388551,2
351,0,3,1,-0.5279964394,0,0,-0.462419451,2
352,0,1,1,-1.43507803,0,0,0.05626079967,2
353,0,3,1,-0.9815372346,1,1,-0.5025817029,1
354,0,3,1,-0.4146112406,1,0,-0.2898614238,2
355,0,3,1,1.342859341,0,0,-0.5026662211,1
356,0,3,1,-0.2445334425,0,0,-0.4568855201,2
357,1,1,2,-0.5846890388,0,1,0.4587285014,2
358,0,2,2,0.3223925515,0,0,-0.3864536723,2
359,1,3,2,-1.718541027,0,0,-0.4895015026,3
360,1,3,2,-1.265000232,0,0,-0.4895015026,3
361,0,3,1,0.4357777503,1,4,-0.08661523445,2
362,0,2,1,-0.1878408431,1,0,-0.09022134506,1
363,0,3,2,0.7192407473,0,1,-0.3571902457,1
364,0,3,1,0.1523147533,0,0,-0.5061878135,2
365,0,3,1,-0.3579186412,1,0,-0.3361452095,3
366,0,3,1,-0.1311482437,0,0,-0.5021631365,2
367,1,1,2,1.569629738,1,0,0.8662270495,1
368,1,3,2,0.8893185455,0,0,-0.5025817029,1
369,1,3,2,0.7759333467,0,0,-0.492101444,3
370,1,1,2,-0.47130384,0,0,0.7464929082,1
371,1,1,1,-0.4146112406,1,0,0.4676170006,1
372,0,3,1,-0.8114594364,1,0,-0.5173401935,2
373,0,3,1,-0.754766837,0,0,-0.4860644284,2
374,0,1,1,-0.5846890388,0,0,2.081343448,1
375,0,3,2,-1.661848427,3,1,-0.2239573377,2
376,1,1,2,-0.9248446352,1,0,1.005496973,1
377,1,3,2,-0.5846890388,0,0,-0.5021631365,2
378,0,1,1,-0.3012260418,0,2,3.608038268,1
379,0,3,1,-0.6980742376,0,0,-0.5673125957,1
380,0,3,1,-0.754766837,0,0,-0.4915983593,2
381,1,1,2,0.5491629491,0,0,3.930515514,1
382,1,3,2,-1.775233626,0,2,-0.3312813874,1
383,0,3,1,-0.01776304486,0,0,-0.4885798516,2
384,1,1,2,0.1523147533,1,0,0.3983583462,2
385,0,3,1,-1.775233626,0,0,-0.4891674544,2
386,0,2,1,-0.8114594364,0,0,0.8310111256,2
387,0,3,1,-1.775233626,5,2,0.2957290822,2
388,1,2,2,0.2090073527,0,0,-0.3864536723,2
389,0,3,1,0.1523147533,0,0,-0.4925200104,3
390,1,2,2,-0.8681520358,0,0,-0.4065770573,1
391,1,1,1,0.2090073527,1,2,1.766748532,2
392,1,3,1,-0.6413816382,0,0,-0.4911797929,2
393,0,3,1,-0.2445334425,2,0,-0.4885798516,2
394,1,1,2,-0.5279964394,1,0,1.631418767,1
395,1,3,2,-0.47130384,0,2,-0.3119971474,2
396,0,3,1,-0.5846890388,0,0,-0.4911797929,2
397,0,3,2,-0.07445564426,0,0,-0.4900045872,2
398,0,2,1,0.7759333467,0,0,-0.1248496661,2
399,0,2,1,-0.5279964394,0,0,-0.436762135,2
400,1,2,2,-0.2445334425,0,0,-0.393496857,2
401,1,3,1,0.3790851509,0,0,-0.4885798516,2
402,0,3,1,-0.3579186412,0,0,-0.4860644284,2
403,0,3,2,-0.6413816382,1,0,-0.4503454199,2
404,0,3,1,-0.2445334425,1,0,-0.3291020248,2
405,0,3,2,-0.6980742376,0,0,-0.4737388551,2
406,0,2,1,0.09562215393,1,0,-0.2254665916,2
407,0,3,1,1.059396344,0,0,-0.492101444,2
408,1,2,1,-1.661848427,1,1,-0.270744208,2
409,0,3,1,-0.6413816382,0,0,-0.4915983593,2
410,0,3,2,-0.8114594364,3,1,-0.1355814674,2
411,0,3,1,-0.3579186412,0,0,-0.4891674544,2
412,0,3,1,2.136555732,0,0,-0.5100454665,3
413,1,1,2,0.03892955453,1,0,1.16304698,3
414,0,2,1,0.09562215393,0,0,-0.6480576784,2
415,1,3,1,0.6625481479,0,0,-0.4885798516,2
416,0,3,2,2.079863133,0,0,-0.4860644284,2
417,1,2,2,0.09562215393,1,1,0.005952336954,2
418,1,2,2,-0.8114594364,0,2,-0.3864536723,2
419,0,2,1,-0.1311482437,0,0,-0.3864536723,2
420,0,3,2,-1.265000232,0,2,-0.1620779285,2
421,0,3,1,2.079863133,0,0,-0.4891674544,1
422,0,3,1,-0.6413816382,0,0,-0.4924375045,3
423,0,3,1,-0.1878408431,0,0,-0.4895860208,2
424,0,3,2,-0.2445334425,1,1,-0.3582809331,2
425,0,3,1,-0.8114594364,1,1,-0.2413137573,2
426,0,3,1,2.30663353,0,0,-0.5021631365,2
427,1,2,2,-0.2445334425,1,0,-0.1248496661,2
428,1,2,2,-0.754766837,0,0,-0.1248496661,2
429,0,3,1,-0.3579186412,0,0,-0.492101444,3
430,1,3,1,-0.01776304486,0,0,-0.4860644284,2
431,1,1,1,-0.2445334425,0,0,-0.1137818043,2
432,1,3,2,2.476711329,1,0,-0.3240711785,2
433,1,2,2,0.5491629491,1,0,-0.1248496661,2
434,0,3,1,-0.8681520358,0,0,-0.5046785597,2
435,0,1,1,1.002703744,1,0,0.476839548,2
436,1,1,2,-1.038229834,1,2,1.766748532,2
437,0,3,2,-0.6413816382,2,2,0.04368368399,2
438,1,2,2,-0.47130384,2,3,-0.270744208,2
439,0,1,1,1.796400136,1,4,4.6443926,2
440,0,2,1,-0.07445564426,0,0,-0.436762135,2
441,1,2,2,0.7192407473,1,1,-0.1198188198,2
442,0,3,1,-0.6980742376,0,0,-0.4568855201,2
443,0,3,1,-0.4146112406,1,0,-0.4915983593,2
444,1,2,2,-0.2445334425,0,0,-0.3864536723,2
445,1,3,1,1.116088943,0,0,-0.4848067169,2
446,1,1,1,-1.605155828,0,2,0.9992084151,2
447,1,2,2,-1.094922433,0,1,-0.2556516692,2
448,1,1,1,0.09562215393,0,0,-0.1137818043,2
449,1,3,2,-1.548463229,2,1,-0.2605154914,1
450,1,1,1,1.116088943,0,0,-0.03429443322,2
451,0,2,1,0.2090073527,1,2,-0.08963374221,2
452,0,3,1,1.116088943,1,0,-0.2462600854,2
453,0,1,1,-0.1311482437,0,0,-0.08963374221,1
454,1,1,1,0.9460111449,1,0,1.145020451,1
455,0,3,1,0.03892955453,0,0,-0.4860644284,2
456,1,3,1,-0.1878408431,0,0,-0.4891674544,1
457,0,1,1,1.853092735,0,0,-0.1137818043,2
458,1,1,2,-0.01776304486,1,0,0.3955913807,2
459,1,2,2,1.002703744,0,0,-0.436762135,2
460,0,3,1,-0.4146112406,0,0,-0.492101444,3
461,1,1,1,0.8893185455,0,0,-0.1137818043,2
462,0,3,1,0.09562215393,0,0,-0.4860644284,2
463,0,1,1,0.8326259461,0,0,0.1266926475,2
464,0,2,1,0.8893185455,0,0,-0.3864536723,2
465,0,3,1,0.5491629491,0,0,-0.4860644284,2
466,0,3,1,0.3223925515,0,0,-0.5061878135,2
467,0,2,1,1.172781542,0,0,-0.6480576784,2
468,0,1,1,1.342859341,0,0,-0.1137818043,2
469,0,3,1,1.683014937,0,0,-0.4926045286,3
470,1,3,2,-1.789406776,2,1,-0.2605154914,1
471,0,3,1,1.909785335,0,0,-0.5021631365,2
472,0,3,1,0.3223925515,0,0,-0.4737388551,2
473,1,2,2,0.03892955453,1,2,-0.08963374221,2
474,1,2,2,-0.5279964394,0,0,-0.3705219883,1
475,0,3,2,-0.5846890388,0,0,-0.4500938776,2
476,0,1,1,1.116088943,0,0,0.3983583462,2
477,0,2,1,0.09562215393,1,0,-0.2254665916,2
478,0,3,1,-0.1878408431,1,0,-0.5062723318,2
479,0,3,1,-0.5846890388,0,0,-0.4967137238,2
480,1,3,2,-1.718541027,0,1,-0.4007915841,2
481,0,3,1,-1.321692831,5,2,0.2957290822,2
482,0,2,1,1.456244539,0,0,-0.6480576784,2
483,0,3,1,1.002703744,0,0,-0.4860644284,2
484,1,3,2,1.739707536,0,0,-0.4551247239,2
485,1,1,1,-0.4146112406,1,0,1.184764137,1
486,0,3,2,1.172781542,3,1,-0.1355814674,2
487,1,1,2,0.1523147533,1,0,1.16304698,2
488,0,1,1,1.456244539,0,0,-0.05039314129,1
489,0,3,1,-0.1311482437,0,0,-0.4860644284,2
490,1,3,1,-1.321692831,1,1,-0.3280958555,2
491,0,3,1,-1.661848427,1,0,-0.2462600854,2
492,0,3,1,-0.6413816382,0,0,-0.5021631365,2
493,0,1,1,1.286166741,0,0,-0.03429443322,2
494,0,1,1,2.193248332,0,0,0.3481344017,1
495,0,3,1,-0.6413816382,0,0,-0.4860644284,2
496,0,3,1,1.116088943,0,0,-0.3571077398,1
497,1,1,2,1.229474142,1,0,0.9269332653,1
498,0,3,1,-0.07445564426,0,0,-0.3441945636,2
499,0,1,2,-0.4146112406,1,2,2.401641332,2
500,0,3,1,-0.47130384,0,0,-0.4911797929,2
501,0,3,1,-0.8681520358,0,0,-0.4737388551,2
502,0,3,2,-0.6413816382,0,0,-0.492101444,3
503,0,3,2,1.342859341,0,0,-0.4945323489,3
504,0,3,2,0.2656999521,0,0,-0.4551247239,2
505,1,1,2,-0.9248446352,0,0,1.092615132,2
506,0,1,1,-0.8114594364,1,0,1.543378958,1
507,1,2,2,0.03892955453,0,2,-0.1248496661,2
508,1,1,1,0.6625481479,0,0,-0.1137818043,2
509,0,3,1,-0.2445334425,0,0,-0.1947784293,2
510,1,3,1,-0.3579186412,0,0,0.4888290608,2
511,1,3,1,-0.1878408431,0,0,-0.492101444,3
512,0,3,1,0.1523147533,0,0,-0.4860644284,2
513,1,1,1,0.2090073527,0,0,-0.1190641929,2
514,1,1,2,1.229474142,1,0,0.5472713958,1
515,0,3,1,-0.47130384,0,0,-0.4972168085,2
516,0,1,1,0.8326259461,0,0,0.036555981,2
517,1,2,2,0.09562215393,0,0,-0.436762135,2
518,0,3,1,-1.094922433,0,0,-0.1620779285,3
519,1,2,2,0.2090073527,1,0,-0.1248496661,2
520,0,3,1,-0.01776304486,0,0,-0.4891674544,2
521,1,1,2,-0.1311482437,0,0,1.233478827,2
522,0,3,1,-0.5846890388,0,0,-0.4891674544,2
523,0,3,1,2.193248332,0,0,-0.5026662211,1
524,1,1,2,0.6625481479,0,1,0.5186800903,1
525,0,3,1,-0.3579186412,0,0,-0.5025817029,1
526,0,3,1,0.46412405,0,0,-0.492101444,3
527,1,2,2,1.002703744,0,0,-0.436762135,2
528,0,1,1,1.342859341,0,0,3.814890568,2
529,0,3,1,0.3790851509,0,0,-0.4885798516,2
530,0,2,1,-0.5279964394,2,1,-0.4166387499,2
531,1,2,2,-1.718541027,1,1,-0.1248496661,2
532,0,3,1,-1.321692831,0,0,-0.5025817029,1
533,0,3,1,-0.8681520358,1,1,-0.5025817029,1
534,1,3,2,0.4924703497,0,2,-0.1981329976,1
535,0,3,2,-0.1311482437,0,0,-0.4737388551,2
536,1,2,2,-1.43507803,0,2,-0.1198188198,2
537,0,1,1,0.7192407473,0,0,-0.1137818043,2
538,1,1,2,-0.1311482437,0,0,1.49357358,1
539,0,3,1,1.569629738,0,0,-0.3562685946,2
540,1,1,2,-0.5846890388,0,2,0.3480498834,1
541,1,1,2,0.2090073527,0,2,0.7807026628,2
542,0,3,2,-1.321692831,4,2,-0.01869880978,2
543,0,3,2,-1.208307632,4,2,-0.01869880978,2
544,1,2,1,-0.01776304486,1,0,-0.1248496661,2
545,0,1,1,1.002703744,1,0,1.49357358,1
546,0,1,1,1.796400136,0,0,-0.1248496661,2
547,1,2,2,-0.754766837,1,0,-0.1248496661,2
548,1,2,1,1.229474142,0,0,-0.3690972526,1
549,0,3,1,0.03892955453,1,1,-0.2350251995,2
550,1,2,1,-1.37838543,1,1,0.09147672358,2
551,1,1,1,-0.8681520358,0,2,1.583289667,1
552,0,2,1,-0.3012260418,0,0,-0.1248496661,2
553,0,3,1,-1.265000232,0,0,-0.4905076719,3
554,1,3,1,-0.5846890388,0,0,-0.5026662211,1
555,1,3,2,-0.5846890388,0,0,-0.4915983593,2
556,0,1,1,1.683014937,0,0,-0.1137818043,2
557,1,1,2,0.8893185455,1,0,0.1488283711,1
558,0,1,1,1.229474142,0,0,3.930515514,1
559,1,1,2,0.3790851509,1,1,0.9547699438,2
560,1,3,2,0.2090073527,1,0,-0.2979107779,2
561,0,3,1,1.739707536,0,0,-0.492101444,3
562,0,3,1,0.4357777503,0,0,-0.4891674544,2
563,0,2,1,-0.2445334425,0,0,-0.3763919797,2
564,0,3,1,-0.8681520358,0,0,-0.4860644284,2
565,0,3,2,1.456244539,0,0,-0.4860644284,2
566,0,3,1,-0.47130384,2,0,-0.1620779285,2
567,0,3,1,-0.754766837,0,0,-0.4891674544,2
568,0,3,2,-0.1878408431,0,4,-0.2239573377,2
569,0,3,1,-1.321692831,0,0,-0.5025817029,1
570,1,3,1,-0.01776304486,0,0,-0.4900045872,2
571,1,2,1,1.683014937,0,0,-0.436762135,2
572,1,1,2,1.172781542,2,0,0.3878780872,2
573,1,1,1,0.2090073527,0,0,-0.1170518544,2
574,1,3,2,2.249940931,0,0,-0.492101444,3
575,0,3,1,-0.9248446352,0,0,-0.4860644284,2
576,0,3,1,-0.754766837,0,0,-0.3562685946,2
577,1,2,2,0.09562215393,0,0,-0.3864536723,2
578,1,1,2,0.3790851509,1,0,0.476839548,2
579,0,3,2,0.5491629491,1,0,-0.3571077398,1
580,1,3,1,-0.01776304486,0,0,-0.4885798516,2
581,1,2,2,-0.4146112406,1,1,-0.04435612577,2
582,1,1,2,0.3790851509,1,1,1.583289667,1
583,0,2,1,1.229474142,0,0,-0.1248496661,2
584,0,1,1,0.2090073527,0,0,0.1593931482,1
585,0,3,1,1.39955194,0,0,-0.4727326858,1
586,1,1,2,-0.8114594364,0,2,0.9547699438,2
587,0,2,1,0.8326259461,0,0,-0.3462069021,2
588,1,1,1,1.569629738,1,1,0.9457144206,1
589,0,3,1,-0.5846890388,0,0,-0.4860644284,2
590,0,3,1,-1.775233626,0,0,-0.4860644284,2
591,0,3,1,0.1523147533,0,0,-0.5046785597,2
592,1,1,2,1.116088943,1,0,0.9269332653,1
593,0,3,1,0.8326259461,0,0,-0.5021631365,2
594,0,3,2,2.646789127,0,2,-0.492101444,3
595,0,2,1,0.2656999521,1,0,-0.1248496661,2
596,0,3,1,0.2090073527,1,1,-0.1620779285,2
597,1,2,2,-1.548463229,0,0,0.0160140295,2
598,0,3,1,0.9460111449,0,0,-0.6480576784,2
599,0,3,1,2.533403928,0,0,-0.5026662211,1
600,1,1,1,0.9460111449,1,0,0.4975505359,1
601,1,2,2,-0.47130384,2,1,-0.104726281,2
602,0,3,1,-0.1878408431,0,0,-0.4891674544,2
603,0,1,1,-1.151615033,0,0,0.2051738493,2
604,0,3,1,0.6625481479,0,0,-0.4860644284,2
605,1,1,1,0.1523147533,0,0,-0.1137818043,1
606,0,3,1,0.2090073527,1,0,-0.3351390403,2
607,0,3,1,-0.1311482437,0,0,-0.4891674544,2
608,1,1,1,-0.3012260418,0,0,-0.03429443322,2
609,1,2,2,-0.5846890388,1,2,0.1886565748,1
610,1,1,2,0.4357777503,0,0,2.440127306,2
611,0,3,2,0.3790851509,1,5,-0.01869880978,2
612,0,3,1,1.342859341,0,0,-0.5061878135,2
613,1,3,2,-0.5279964394,1,0,-0.3361452095,3
614,0,3,1,2.023170533,0,0,-0.492101444,3
615,0,3,1,0.1523147533,0,0,-0.4860644284,2
616,1,2,2,-0.47130384,1,2,0.6599623523,2
617,0,3,1,0.09562215393,1,1,-0.3582809331,2
618,0,3,2,-0.3579186412,1,0,-0.3240711785,2
619,1,2,2,-1.605155828,2,1,0.13675434,2
620,0,2,1,-0.3579186412,0,0,-0.436762135,2
621,0,3,1,-0.3012260418,1,0,-0.3571902457,1
622,1,1,1,0.5491629491,1,0,0.4095107262,2
623,1,3,1,-0.6980742376,1,1,-0.3312813874,1
624,0,3,1,-0.6413816382,0,0,-0.4900045872,2
625,0,3,1,-0.6413816382,0,0,-0.3240711785,2
626,0,1,1,1.626322338,0,0,0.002346226347,2
627,0,2,1,1.39955194,0,0,-0.3995338726,3
628,1,1,2,-0.6413816382,0,0,0.9207272133,2
629,0,3,1,-0.3579186412,0,0,-0.4891674544,2
630,0,3,1,2.646789127,0,0,-0.4924375045,3
631,1,1,1,2.703481726,0,0,-0.04435612577,2
632,0,3,1,1.059396344,0,0,-0.5061032953,2
633,1,1,1,-0.01776304486,0,0,-0.03429443322,1
634,0,1,1,-0.1311482437,0,0,-0.6480576784,2
635,0,3,2,-1.321692831,3,2,-0.08661523445,2
636,1,2,2,-0.2445334425,0,0,-0.3864536723,2
637,0,3,1,-0.01776304486,0,0,-0.4885798516,2
638,0,2,1,-0.07445564426,1,1,-0.1198188198,2
639,0,3,2,0.4924703497,0,5,0.1505891673,2
640,0,3,1,1.286166741,1,0,-0.3240711785,2
641,0,3,1,-0.6980742376,0,0,-0.4900045872,2
642,1,1,2,-0.47130384,0,0,0.7464929082,1
643,0,3,2,-1.718541027,3,2,-0.08661523445,2
644,1,3,1,2.703481726,0,0,0.4888290608,2
645,1,3,2,-1.789406776,2,1,-0.2605154914,1
646,1,1,1,0.8893185455,1,0,0.8959935607,1
647,0,3,1,-0.754766837,0,0,-0.4891674544,2
648,1,1,1,1.342859341,0,0,0.06632249222,1
649,0,3,1,2.193248332,0,0,-0.496126121,2
650,1,3,2,-0.5279964394,0,0,-0.496126121,2
651,0,3,1,-0.3579186412,0,0,-0.4891674544,2
652,1,2,2,-0.8114594364,0,1,-0.1852198214,2
653,0,3,1,-0.6413816382,0,0,-0.4783511349,2
654,1,3,2,-0.1878408431,0,0,-0.4905076719,3
655,0,3,2,-0.8114594364,0,0,-0.5122248291,3
656,0,2,1,-0.47130384,2,0,0.8310111256,2
657,0,3,1,-0.9248446352,0,0,-0.4891674544,2
658,0,3,2,-0.01776304486,1,1,-0.3361452095,3
659,0,2,1,-0.5279964394,0,0,-0.3864536723,2
660,0,1,1,1.456244539,0,2,1.631418767,1
661,1,1,1,1.002703744,2,0,2.041432739,2
662,0,3,1,0.4357777503,0,0,-0.5026662211,1
663,0,1,1,0.8326259461,0,0,-0.1331505625,2
664,0,3,1,0.2090073527,0,0,-0.4972168085,2
665,1,3,1,-0.6980742376,1,0,-0.4885798516,2
666,0,2,1,-0.01776304486,2,0,0.8310111256,2
667,0,2,1,-0.4146112406,0,0,-0.3864536723,2
668,0,3,1,-0.07445564426,0,0,-0.4915983593,2
669,0,3,1,0.6058555485,0,0,-0.4860644284,2
670,1,1,2,0.6625481479,1,0,0.3983583462,2
671,1,2,2,0.4357777503,1,1,0.13675434,2
672,0,1,1,-0.07445564426,1,0,0.3983583462,2
673,0,2,1,2.136555732,0,0,-0.436762135,2
674,1,2,1,-0.07445564426,0,0,-0.3864536723,2
675,0,2,1,1.796400136,0,0,-0.6480576784,2
676,0,3,1,-0.8114594364,0,0,-0.4915983593,2
677,0,3,1,-0.4429575403,0,0,-0.4860644284,2
678,1,3,2,-0.8114594364,0,0,-0.4500093594,2
679,0,3,2,0.6058555485,1,6,0.2957290822,2
680,1,1,1,0.2090073527,0,1,9.661740105,1
681,0,3,2,-0.1878408431,0,0,-0.4843036323,3
682,1,1,1,-0.3012260418,0,0,0.8959935607,1
683,0,3,1,-0.6980742376,0,0,-0.462419451,2
684,0,3,1,-1.038229834,5,2,0.2957290822,2
685,0,2,1,1.569629738,1,1,0.13675434,2
686,0,2,1,-0.4146112406,1,2,0.1886565748,1
687,0,3,1,-1.038229834,4,1,0.1505891673,2
688,0,3,1,-0.754766837,0,0,-0.4433867534,2
689,0,3,1,-0.8114594364,0,0,-0.4911797929,2
690,1,1,2,-0.9815372346,0,1,3.604768218,2
691,1,1,1,-0.07445564426,1,0,0.4989752716,2
692,1,3,2,-1.605155828,0,1,-0.3780682577,1
693,1,3,1,1.512937139,0,0,0.4888290608,2
694,0,3,1,-0.4146112406,0,0,-0.5026662211,1
695,0,1,1,1.569629738,0,0,-0.1137818043,2
696,0,2,1,1.116088943,0,0,-0.3763919797,2
697,0,3,1,0.6625481479,0,0,-0.4860644284,2
698,1,3,2,-1.151615033,0,0,-0.4924375045,3
699,0,1,1,0.9460111449,1,1,1.583289667,1
700,0,3,1,0.5491629491,0,0,-0.4941137825,2
701,1,1,2,-0.8114594364,1,0,3.930515514,1
702,1,1,1,0.1523147533,0,0,-0.1190641929,2
703,0,3,2,-0.8114594364,0,1,-0.3571902457,1
704,0,3,1,-0.4146112406,0,0,-0.4922684681,3
705,0,3,1,-0.3579186412,1,0,-0.4900045872,2
706,0,2,1,0.3790851509,0,0,-0.1248496661,2
707,1,2,2,0.7192407473,0,0,-0.3763919797,2
708,1,1,1,0.5491629491,0,0,-0.1190641929,2
709,1,1,2,-0.5846890388,0,0,2.401641332,2
710,1,3,1,-1.491770629,1,1,-0.341260574,1
711,1,1,2,-0.47130384,0,0,0.3481344017,1
712,0,1,1,0.9460111449,0,0,-0.1137818043,2
713,1,1,1,0.8893185455,1,0,0.3983583462,2
714,0,3,1,-0.1878408431,0,0,-0.4572215806,2
715,0,2,1,1.116088943,0,0,-0.3864536723,2
716,0,3,1,-0.754766837,0,0,-0.4941137825,2
717,1,1,2,0.3223925515,0,0,3.930515514,1
718,1,2,2,-0.3012260418,0,0,-0.436762135,2
719,0,3,1,-0.07445564426,0,0,-0.3361452095,3
720,0,3,1,0.03892955453,0,0,-0.4915983593,2
721,1,2,2,-1.491770629,0,1,0.0160140295,2
722,0,3,1,-0.8681520358,1,0,-0.5061032953,2
723,0,2,1,0.09562215393,0,0,-0.3864536723,2
724,0,2,1,1.002703744,0,0,-0.3864536723,2
725,1,1,1,-0.3012260418,1,0,0.4204940698,2
726,0,3,1,-0.6980742376,0,0,-0.4737388551,2
727,1,2,2,-0.1311482437,3,0,-0.2254665916,2
728,1,3,2,1.342859341,0,0,-0.4923529863,3
729,0,2,1,-0.4146112406,1,0,-0.1248496661,2
730,0,3,2,-0.4146112406,1,0,-0.4885798516,2
731,1,1,2,-0.1878408431,0,0,3.604768218,2
732,0,3,1,-1.208307632,0,0,-0.2699895811,1
733,0,2,1,2.249940931,0,0,-0.6480576784,2
734,0,2,1,-0.5279964394,0,0,-0.3864536723,2
735,0,2,1,-0.5279964394,0,0,-0.3864536723,2
736,0,3,1,-0.2161871428,0,0,-0.3240711785,2
737,0,3,2,0.8893185455,1,3,0.04368368399,2
738,1,1,1,0.1523147533,0,0,9.661740105,1
739,0,3,1,-1.265000232,0,0,-0.4891674544,2
740,0,3,1,-0.3579186412,0,0,-0.4891674544,2
741,1,1,1,0.9460111449,0,0,-0.04435612577,2
742,0,1,1,0.2090073527,1,0,0.9386712358,2
743,1,1,2,-0.6413816382,2,2,4.631815484,1
744,0,3,1,-0.47130384,1,0,-0.3240711785,2
745,1,3,1,-0.07445564426,0,0,-0.4885798516,2
746,0,1,1,2.136555732,1,1,0.7807026628,2
747,0,3,1,-0.9248446352,1,1,-0.2405591304,2
748,1,2,2,-0.1311482437,0,0,-0.3864536723,2
749,0,1,1,-0.754766837,1,0,0.4204940698,2
750,0,3,1,-0.07445564426,0,0,-0.492101444,3
751,1,2,2,-1.605155828,1,1,-0.1852198214,2
752,1,3,1,-1.491770629,0,1,-0.3970184494,2
753,0,3,1,0.03892955453,0,0,-0.4568855201,2
754,0,3,1,-0.5279964394,0,0,-0.4891674544,2
755,1,2,2,0.8893185455,1,2,0.6599623523,2
756,1,2,1,-1.793942184,1,1,-0.3562685946,2
757,0,3,1,-0.2445334425,0,0,-0.4911797929,2
758,0,2,1,-0.8114594364,0,0,-0.4166387499,2
759,0,3,1,0.09562215393,0,0,-0.4860644284,2
760,1,1,2,0.03892955453,0,0,1.092615132,2
761,0,3,1,-0.6980742376,0,0,-0.3562685946,2
762,0,3,1,0.4924703497,0,0,-0.5046785597,2
763,1,3,1,-0.6980742376,0,0,-0.5025817029,1
764,1,1,2,0.2090073527,1,2,1.766748532,2
765,0,3,1,-0.9248446352,0,0,-0.4915983593,2
766,1,1,2,1.059396344,1,0,0.9207272133,2
767,0,1,1,-0.8114594364,0,0,0.1488283711,1
768,0,3,2,-0.102801944,0,0,-0.492101444,3
769,0,3,1,1.909785335,1,0,-0.1620779285,3
770,0,3,1,-0.01776304486,0,0,-0.4797758706,2
771,0,3,1,-0.47130384,0,0,-0.4568855201,2
772,0,3,1,0.8893185455,0,0,-0.4900045872,2
773,0,2,2,1.39955194,0,0,-0.436762135,2
774,0,3,1,0.9460111449,0,0,-0.5026662211,1
775,1,2,2,1.229474142,1,3,-0.1852198214,2
776,0,3,1,-0.8114594364,0,0,-0.492101444,2
777,0,3,1,-0.4146112406,0,0,-0.492101444,3
778,1,3,2,-1.548463229,0,0,-0.3970184494,2
779,0,3,1,-0.1311482437,0,0,-0.4923529863,3
780,1,1,2,0.6058555485,0,1,3.604768218,2
781,1,3,2,-1.094922433,0,0,-0.5025817029,1
782,1,1,2,-0.8681520358,1,0,0.4989752716,2
783,0,1,1,-0.1878408431,0,0,-0.04435612577,2
784,0,3,1,-1.038229834,1,2,-0.1761642981,2
785,0,3,1,-0.4146112406,0,0,-0.5061878135,2
786,0,3,1,-0.4146112406,0,0,-0.5021631365,2
787,1,3,2,-0.8114594364,0,0,-0.4972168085,2
788,0,3,1,-1.37838543,4,1,-0.06196408772,3
789,1,3,1,-1.775233626,1,2,-0.2340190302,2
790,0,1,1,0.7759333467,0,0,0.9457144206,1
791,0,3,1,1.512937139,0,0,-0.492101444,3
792,0,2,1,-0.9248446352,0,0,-0.1248496661,2
793,0,3,2,2.249940931,8,2,0.7515237545,2
794,0,1,1,-1.775233626,0,0,-0.03035427442,1
795,0,3,1,-0.4146112406,0,0,-0.4891674544,2
796,0,2,1,0.3790851509,0,0,-0.3864536723,2
797,1,1,2,0.9460111449,0,0,-0.1262744018,2
798,1,3,2,-0.07445564426,0,0,-0.4733202887,2
799,0,3,1,-0.1311482437,0,0,-0.5025817029,1
800,0,3,2,-0.1311482437,1,1,-0.1620779285,2
801,0,2,1,0.09562215393,0,0,-0.3864536723,2
802,1,2,2,-0.07445564426,1,1,-0.1198188198,2
803,1,1,1,-1.208307632,1,2,1.766748532,2
804,1,3,1,-1.808115334,0,1,-0.4766728446,1
805,1,3,1,-0.3012260418,0,0,-0.5076970674,2
806,0,3,1,-0.07445564426,0,0,-0.4915983593,2
807,0,1,1,0.3790851509,0,0,-0.6480576784,2
808,0,3,2,-0.8114594364,0,0,-0.4915983593,2
809,0,2,1,0.3790851509,0,0,-0.3864536723,2
810,1,1,2,0.03892955453,1,0,0.4204940698,2
811,0,3,1,-0.3579186412,0,0,-0.4893344785,2
812,0,3,1,0.3790851509,0,0,-0.1620779285,2
813,0,2,1,0.1523147533,0,0,-0.436762135,2
814,0,3,2,-1.491770629,4,2,-0.01869880978,2
815,0,3,1,-0.102801944,0,0,-0.4860644284,2
816,0,1,1,-1.151615033,0,0,-0.6480576784,2
817,0,3,2,-0.5279964394,0,0,-0.4885798516,2
818,0,2,1,-0.07445564426,1,1,0.09659208807,1
819,0,3,1,0.6058555485,0,0,-0.5182618446,2
820,0,3,1,-1.265000232,3,2,-0.08661523445,2
821,1,1,2,1.116088943,1,1,1.233478827,2
822,1,3,1,-0.3012260418,0,0,-0.4737388551,2
823,0,1,1,0.3223925515,0,0,-0.6480576784,2
824,1,3,2,-0.3012260418,0,1,-0.3970184494,2
825,0,3,1,-1.718541027,4,1,0.1505891673,2
826,0,3,1,2.36332613,0,0,-0.508200152,3
827,0,3,1,2.533403928,0,0,0.4888290608,2
828,1,2,1,-1.775233626,0,2,0.09659208807,1
829,1,3,1,0.8893185455,0,0,-0.492101444,3
830,1,1,2,1.683014937,0,0,0.9618131286,2
831,1,3,2,-0.9815372346,1,0,-0.3571902457,1
832,1,2,1,-1.784871368,1,1,-0.270744208,2
833,0,3,1,1.059396344,0,0,-0.5025817029,1
834,0,3,1,-0.5279964394,0,0,-0.4900045872,2
835,0,3,1,-0.8114594364,0,0,-0.4810335822,2
836,1,1,2,0.3790851509,1,1,1.025368816,1
837,0,3,1,-0.6413816382,0,0,-0.4737388551,2
838,0,3,1,-1.491770629,0,0,-0.4860644284,2
839,1,3,1,-0.01776304486,0,0,0.4888290608,2
840,1,1,1,1.966477934,0,0,-0.05039314129,1
841,0,3,1,-0.6980742376,0,0,-0.4885798516,2
842,0,2,1,-0.9248446352,0,0,-0.436762135,2
843,1,1,2,-0.1311482437,0,0,-0.02423274068,1
844,0,3,1,0.1239684536,0,0,-0.5185133869,1
845,0,3,1,-0.8681520358,0,0,-0.4737388551,2
846,0,3,1,0.5491629491,0,0,-0.496126121,2
847,0,3,1,1.569629738,8,2,0.7515237545,2
848,0,3,1,0.1523147533,0,0,-0.4891674544,1
849,0,2,1,-0.2445334425,0,1,0.0160140295,2
850,1,1,2,-1.265000232,1,0,1.145020451,1
851,0,3,1,-1.605155828,4,2,-0.01869880978,2
852,0,3,1,2.36332613,0,0,-0.4915983593,2
853,0,3,2,-1.321692831,1,1,-0.341260574,1
854,1,1,2,-0.9248446352,0,1,0.1448036941,2
855,0,2,2,0.6625481479,1,0,-0.1248496661,2
856,1,3,2,-0.8114594364,0,1,-0.4599040278,2
857,1,1,2,0.7192407473,1,1,2.669618414,2
858,1,1,1,1.059396344,0,0,-0.1137818043,2
859,1,3,2,-0.47130384,0,3,-0.2605154914,1
860,0,3,1,-1.491770629,0,0,-0.5025817029,1
861,0,3,1,0.4924703497,2,0,-0.3641509246,2
862,0,2,1,-0.6413816382,1,0,-0.4166387499,2
863,1,1,2,0.8893185455,0,0,-0.1262744018,2
864,0,3,2,-1.038229834,8,2,0.7515237545,2
865,0,2,1,-0.47130384,0,0,-0.3864536723,2
866,1,2,2,0.5491629491,0,0,-0.3864536723,2
867,1,2,2,-0.3012260418,1,0,-0.3691817708,1
868,0,1,1,-0.07445564426,0,0,0.3680887503,2
869,0,3,1,0.3223925515,0,0,-0.4568855201,2
870,1,3,1,-1.605155828,1,1,-0.4240179952,2
871,0,3,1,-0.3579186412,0,0,-0.4891674544,2
872,1,1,2,0.8326259461,1,1,0.4095107262,2
873,0,1,1,0.03892955453,0,0,-0.547440753,2
874,0,3,1,0.8326259461,0,0,-0.4669472126,2
875,1,2,2,-0.2445334425,1,0,-0.1650964363,1
876,1,3,2,-0.9815372346,0,0,-0.5026662211,1
877,0,3,1,-0.6980742376,0,0,-0.4499268535,2
878,0,3,1,-0.754766837,0,0,-0.4891674544,2
879,0,3,1,1.909785335,0,0,-0.4891674544,2
880,1,1,2,1.342859341,0,1,1.025368816,1
881,1,2,2,-0.4146112406,0,1,-0.1248496661,2
882,0,3,1,0.03892955453,0,0,-0.4891674544,2
883,0,3,2,-0.5846890388,0,0,-0.4364260744,2
884,0,2,1,-0.2445334425,0,0,-0.436762135,2
885,0,3,1,-0.4146112406,0,0,-0.5061878135,2
886,0,3,2,0.3790851509,0,5,-0.06196408772,3
887,0,2,1,-0.3012260418,0,0,-0.3864536723,2
888,1,1,2,-0.754766837,0,0,-0.04435612577,2
889,0,3,2,2.590096527,1,2,-0.1761642981,2
890,1,1,1,-0.3579186412,0,0,-0.04435612577,1
891,0,3,1,-0.01776304486,0,0,-0.492101444,3